Place ID,Facility,Facility Group,Type,Location,X Coordinate,Y Coordinate,Latitude,Longitude,Geometry
1561,Ferguson Dog Park,Parks,Dog Park,4300 N Stone Mill RD,3108927,1443195,39.209444,-86.532102,POINT (-86.532174816526 39.209402001487)
5069,Innovation Lab,City Offices,Government Offices,627 N Morton ST,3107860,1429780,39.17258219,-86.53622068,POINT (-86.536225864906 39.172589612604)
1795,Latimer Woods,Parks,Nature Park/Preserve,3200 E Buick Cadillac BLVD,3120156,1424789,39.158671,-86.492991,POINT (-86.492971346064 39.158675449588)
5044,Frank Southern Ice Arena Parking Lot,Parking Facility,Parking,N of Frank Southern Ice Arena,3110466,1419288,39.1437333,-86.5272573,POINT (-86.527261036202 39.143740768385)
95,Banneker Community Center,Parks,Community Center,930 W 7th ST,3105365,1428432,39.168922,-86.545049,POINT (-86.545054219197 39.168929719659)
3280,Rose Hill Cemetery Office,City Offices,Government Offices,930 W 4th ST,3105336,1427307,39.165834,-86.545175,POINT (-86.545180038442 39.165841549326)
2023,College Ave and Smith Ave Parking Lot,Parking Facility,Surface Parking Lot,S College AVE south of Convention Center,3108054,1426438,39.163404,-86.535608,POINT (-86.535612778089 39.1634110862)
4895,Upper Cascades Park Shelter,Parks,Park Shelter,"514 W Club House Dr, Bloomington, IN 47404",3106848,1440952,39.2032735,-86.5395537,POINT (-86.539558987243 39.203278460419)
268,Cascades Golf Course Clubhouse,Parks,Golf Course,3550 N Kinser PIKE,3106994,1440232,39.2012919,-86.539051,POINT (-86.539059060086 39.20129933764)
1255,Skate Park at Upper Cascades,Parks,Skate Park,2602 N Kinser PIKE,3107602,1436893,39.191876,-86.536883,POINT (-86.536984709071 39.192122262344)
1004,Olcott Park,Parks,Community Park,2300 E Canada DR,3115256,1412724,39.12563,-86.510514,POINT (-86.510519182231 39.125637777052)
1410,Twin Lakes Sports Park,Parks,Sports Park,2350 W Bloomfield RD,3099017,1422899,39.153833,-86.567549,POINT (-86.567554160974 39.153840286252)
1875,Schmaltz Farm Park Playground,Playground,Playground,3010 E Daniel ST,3120517,1416801,39.1367323,-86.4918759,POINT (-86.491881902186 39.136738385863)
1240,Showers City Hall,City Offices,Government Offices,401 N Morton ST,3107700,1428812,39.169927,-86.536806,POINT (-86.5368107722 39.169934660816)
1871,Park Ridge East Park Playground,Playground,Playground,4421 E Morningside DR,3125460,1427931,39.167198,-86.474188,POINT (-86.474193048431 39.167205333814)
1873,RCA Park Playground,Playground,Playground,1400 W RCA Park DR,3105167,1419723,39.145015,-86.545929,POINT (-86.545934474357 39.145022685874)
1818,Frank Southern Ice Arena,Parks,Skating Rink,2100 S Henderson ST,3110438,1418989,39.142669,-86.52737,POINT (-86.527366211977 39.142920345644)
5039,Griffy Lake Nature Preserve Parking Lot South,Parking Facility,Parking,"W side of Headley Road, South of Griffy Lake",3114684,1436813,39.191774,-86.5119953,POINT (-86.512000675685 39.191782785718)
186,Bloomington Fire Station 3,Public Safety,Fire Station,810 N Woodlawn AVE,3111579,1430258,39.1738,-86.523277,POINT (-86.523098161764 39.173839611729)
1828,Bloomington Fire Training Tower,Public Safety,Public Safety Training Facility,3190 S Walnut ST,3108867,1413414,39.127633,-86.533019,POINT (-86.533024119742 39.1276406408)
3277,Jackson Creek Trail,Parks,Multi-use Trail,Runs from Sherwood Oaks Park to Childs School,3115162,1415141,39.132268,-86.510792,POINT (-86.510796784189 39.132275187263)
1508,Winslow Woods Park,Parks,Community Park,2120 S Highland AVE,3113448,1418568,39.141619,-86.51806,POINT (-86.516763372816 39.141713404233)
2022,6th and Lincoln Parking Lot,Parking Facility,Surface Pay Lot,Across from the Monroe County Public Library,3109230,1427849,39.167258,-86.53143,POINT (-86.531435169603 39.167265356063)
4076,Bloomington Economic and Sustaintable Development,City Offices,Government Offices,401 N Morton ST STE 150,3107737,1428738,39.169723,-86.536677,POINT (-86.536681847273 39.169730885446)
187,Bloomington Fire Station 4,Public Safety,Fire Station,2201 E 3rd ST,3116301,1426885,39.164491,-86.506513,POINT (-86.506518591175 39.164497973535)
1176,Rose Hill Cemetery,Cemetery,Cemetery,1100 W 4th ST,3104852,1427296,39.165708,-86.545797,POINT (-86.546887227253 39.165819219525)
3278,Switchyard Park,Parks,Community Park,Along the B-Trail from Grimes LN to Country Club DR,3108245,1420733,39.147738,-86.535056,POINT (-86.53506075916 39.147745062896)
2903,Griffy Lake Wetland Trail End,Parks,Trailhead,Eastern edge of Griffy Lake shoreline,3115625,1438803,39.197222,-86.508631,POINT (-86.508636275923 39.19722986499)
204,Utility Service Center,City Offices,Government Offices,600 E Miller DR,3110840,1420213,39.146056,-86.526028,POINT (-86.525922408612 39.146274022404)
1864,Bryan Park Playground,Playground,Playground,1001 S Henderson ST,3110671,1423820,39.156172,-86.526435,POINT (-86.526440221008 39.156179741805)
1811,Bloomington Fire Station 5,Public Safety,Fire Station,1987 S Henderson ST,3110699,1419921,39.145416,-86.526502,POINT (-86.526425862255 39.145474723938)
1640,Upper Cascades Park,Parks,Community Park,514 W Club House DR,3106849,1440950,39.203276,-86.53948,POINT (-86.539555500944 39.203272953079)
3273,Bloomington Community Farmers Market,Parks,Farmers Market,Showers City Hall South Parking Lot,3107705,1428543,39.169189,-86.536794,POINT (-86.536798853686 39.169196050318)
1872,Park Ridge Park Playground,Playground,Playground,3421 E Longview AVE,3120815,1428174,39.1679516,-86.4905632,POINT (-86.490569465361 39.167956954965)
2901,Griffy Lake Lanam Trail East Trail Head,Parks,Trailhead,Near Lanam RD,3119216,1438340,39.195888,-86.495972,POINT (-86.495976676582 39.195895546837)
1867,Crestmont Park Playground,Playground,Playground,1209 W 15th ST,3104038,1431012,39.1760298,-86.5496757,POINT (-86.549680920311 39.176034530814)
2907,Griffy Lake North Shore Trail Dam Trail Head,Parks,Trailhead,Griffy Lake Dam off of N Dunn ST,3110310,1441914,39.205854,-86.527317,POINT (-86.527322020684 39.205861909515)
2883,Twin Lakes Trail Northern Trail Head,Parks,Trailhead,N of W Bloomfield Rd around Twin Lakes,3099355,1423362,39.155099,-86.566348,POINT (-86.56635300782 39.155106160846)
4584,Switchyard Park Community Gardens,Parks,Community Garden,"At Switchyard Park, Near the Hillside entrance",3107974,1421783,39.15062,-86.53599,POINT (-86.535993940387 39.150632291304)
2904,Griffy Lake Nature Trail Boathouse Trail Head,Parks,Trailhead,North of side of  the Griffly Lake Boathouse parking lot acr,3114330,1439307,39.198629,-86.513189,POINT (-86.513194271316 39.198636010807)
1831,Goat Farm,Parks,Undeveloped Greenspace,2000 E Winslow RD,3115319,1415785,39.134041,-86.510097,POINT (-86.510229015095 39.134040543835)
1835,Bloomington Traffic Division,Operational Facility,Government Operations,121 W Allen ST,3108286,1423531,39.15549,-86.534865,POINT (-86.534856571165 39.155426187854)
4887,Lower Cascades Park Sycamore Shelter,Parks,Park Shelter,"013-29010, E 10th St, Bloomington, IN 47404",3107393,1438972,39.1978273,-86.53767,POINT (-86.537677932114 39.197833495354)
200,Sanitation Division,Operational Facility,Government Operations,3406 S Walnut ST,3108945,1411920,39.123598,-86.532634,POINT (-86.532781113088 39.123537604148)
3271,Butler Park Community Garden,Parks,Community Garden,West end of Rev Butler Park W 9th ST,3105571,1429148,39.170885,-86.544307,POINT (-86.544312665122 39.17089210932)
5040,Cascades Golf Course Parking Lot,Parking Facility,Parking,Parking lot at Cascades Golf Course,3107061,1440387,39.201715,-86.5388155,POINT (-86.538819361672 39.201723776371)
1498,Willie Streeter Community Garden,Parks,Community Garden,2120 S Highland AVE,3113499,1418788,39.141654,-86.516716,POINT (-86.516578726725 39.142316530708)
4756,Switchyard Park Playground,Playground,Playground,9509 E Northshore DR,3108061,1420241,39.146412,-86.5356881,POINT (-86.535719985767 39.146397344024)
1474,Wapehani Mountain Bike Park,Parks,Mountain Bike Park,3401 W Wapehani RD,3098642,1419191,39.143658,-86.568945,POINT (-86.568950593327 39.143665892929)
4892,RCA Community Park Shelter 2,Parks,Park Shelter,"1400 W Rca Park Dr, Bloomington, IN 47403",3104390,1419759,39.1451281,-86.5486653,POINT (-86.548673224765 39.145134121843)
4852,Clear Creek Trail Parking Lot South,Parking Facility,Parking Lot,"Clear Creek Trail, Bloomington, IN 47403",3106090,1406114,39.107639,-86.5429592,POINT (-86.542965786628 39.10764441955)
2021,4th and Washington Parking Lot,Parking Facility,Surface Pay Lot,4th ST between Walnut and Washington,3108835,1427325,39.165826,-86.532834,POINT (-86.532839486125 39.165833327279)
3700,Bryan Park Woodlawn Shelter,Parks,Park Shelter,1020 S Woodlawn AVE BLDG 3,3111572,1423746,39.155954,-86.523259,POINT (-86.523264653929 39.155961352223)
19,Rev Ernest D Butler Park,Parks,Neighborhood Park,812 W 9th ST,3106049,1429057,39.17081,-86.542502,POINT (-86.542628661025 39.17063446263)
1823,Broadview Park,Parks,Neighborhood Park,704 W Graham DR,3106362,1417952,39.140054,-86.541687,POINT (-86.541758480028 39.140140955088)
2888,Winslow Ballfields Northern Trail Head,Parks,Trailhead,E Highland Ave between ballfields and YMCA upper parking lot,3113733,1418021,39.140199,-86.515765,POINT (-86.515770649879 39.14020674899)
1863,Bloomington Parks Operations,Operational Facility,Government Operations,545 S Adams ST,3103835,1425878,39.161938,-86.55041,POINT (-86.55050333038 39.161942606785)
1877,Southeast Park Playground,Playground,Playground,1600 S Sycamore CT,3116966,1421099,39.148594,-86.504298,POINT (-86.504303564552 39.148601191004)
4077,Bloomington Information Technology Services,City Offices,Government Offices,401 N Morton ST STE 160,3107741,1428747,39.169748,-86.536662,POINT (-86.536667548147 39.169755528311)
5016,Cascades Maintenance Building,Operational Facility,Government Operations,3940 N Kinser PIKE,3105786,1441321,39.20430153,-86.54329346,POINT (-86.543298649583 39.204308958975)
4891,RCA Community Park Shelter 1,Parks,Park Shelter,"1400 W Rca Park Dr, Bloomington, IN 47403",3104777,1419578,39.144626,-86.5473062,POINT (-86.547312530577 39.144630924322)
1868,Highland Village Park Playground,Playground,Playground,950 S Harvey DR,3093076,1424493,39.1583005,-86.5884642,POINT (-86.588472640045 39.158307417956)
1840,Allison-Jukebox Community Center,Parks,Community Center,351 S Washington ST,3109038,1426327,39.163118,-86.53215,POINT (-86.532144936326 39.163089978539)
1824,Dillman Road Wastewater Treatment Plant,Operational Facility,Government Operations,100 W Dillman RD,3104369,1401012,39.093657,-86.549131,POINT (-86.549136096069 39.093664864461)
4978,Trades District Parking Garage,Parking Facility,Parking Garage,489 W 10th ST,3107381,1429189,39.17096754,-86.5379227,POINT (-86.537927882283 39.17097496847)
4080,Bloomington Controllers Office,City Offices,Government Offices,401 N Morton ST STE 240,3107751,1428770,39.169811,-86.536627,POINT (-86.536631789659 39.169818508191)
1411,Twin Lakes Recreation Center,Parks,Recreation Center,1700 W Bloomfield RD,3100200,1423772,39.156268,-86.563218,POINT (-86.563365042084 39.156218548809)
1557,Farmers Market Plaza,Parks,Park Plaza Area,W 8th ST at B-Line Trail,3107525,1428627,39.169422,-86.537427,POINT (-86.537431920591 39.169429644766)
3276,Griffy Woods Nature Preserve,Parks,Nature Park/Preserve,South shore of Griffy Lake between N Dunn ST and N Hinkle RD,3111993,1438512,39.196486,-86.521452,POINT (-86.521457523526 39.19649345022)
4075,Bloomington HAND & Planning and Transportation,City Offices,Government Offices,401 N Morton ST STE 130,3107729,1428714,39.169658,-86.536705,POINT (-86.536710573024 39.16966512611)
4541,Switchyard Pavillion,Parks,Community Center,1601 S Rogers ST,3107774,1420385,39.146788,-86.536723,POINT (-86.536728832511 39.146797441313)
5041,Ferguson Dog Park Parking Lot,Parking Facility,Parking,"4300 N Stone Mill Rd, Bloomington, IN 47408",3108740,1443128,39.209213,-86.5328309,POINT (-86.532836165232 39.209221177043)
2175,3rd and Washington Parking Lot,Parking Facility,Surface Pay Lot,South side of the Bloomington Police Department,3109109,1426752,39.164248,-86.53188,POINT (-86.5318854356 39.164255613064)
3272,Cascades Park Trail,Parks,Multi-use Trail,N Kinser PIKE to N Stone Mill RD,3107648,1439422,39.199057,-86.536763,POINT (-86.536768625819 39.199064726996)
4967,Switchyard Park Walnut Entrance,Parks,Entrance,"1836 S Walnut St, Bloomington, IN 47401",3108781,1420916,39.14823,-86.53316,POINT (-86.53316698433 39.148238577003)
2181,B-Line Trail West Trail Head,Parks,Trailhead,N Adams ST south of W 10th ST,3104029,1429135,39.170874,-86.549746,POINT (-86.549751613895 39.170881448622)
5042,Switchyard Park Parking Lot North,Parking Facility,Parking,Access from W Grimes LN,3108019,1422266,39.1519514,-86.5358205,POINT (-86.535824994917 39.151957604929)
1587,Highland Village Park,Parks,Neighborhood Park,950 S Harvey DR,3092978,1424396,39.158035,-86.588815,POINT (-86.588820093115 39.158042572644)
2885,RCA Community Park Trail Head,Parks,Trailhead,West end of W RCA Park DR,3104657,1419554,39.14456,-86.547731,POINT (-86.547736116348 39.144566978129)
2210,BPD Switchyard Substation,Public Safety,Police Station,245 W Grimes LN,3107964,1422670,39.15306,-86.536005,POINT (-86.536010336562 39.153067683351)
1042,Park Ridge Park,Parks,Neighborhood Park,3421 E Longview AVE,3120808,1428172,39.167944,-86.490589,POINT (-86.490594199333 39.167951589685)
2906,Griffy Lake North Shore Trail East Trail Head,Parks,Trailhead,N Headly RD north of the Griffy Lake Boathouse,3114002,1439997,39.200529,-86.514331,POINT (-86.514336303643 39.20053601542)
1878,Waldron Hill Buskirk Park Playground,Playground,Playground,331 S Washington ST,3109239,1426390,39.1632548,-86.531426,POINT (-86.531434732474 39.163259587053)
2897,Lower Cascades Park Trail Head N Side,Parks,Trailhead,N of Lower Cascades Park W of Old SR 37,3107578,1438808,39.197373,-86.537023,POINT (-86.537028671028 39.197380183918)
230,Bryan Park Pool,Parks,Swimming Pool,1020 S Woodlawn AVE,3111559,1423342,39.154845,-86.523314,POINT (-86.523319287756 39.154852408829)
2886,Latimer Woods Trail Head,Parks,Trailhead,North loop of E Stratum Way between 3105 and 3115,3120148,1424327,39.1574,-86.493005,POINT (-86.493010156971 39.157407199124)
3699,Byan Park Pool Shelter,Parks,Park Shelter,1020 S Woodlawn AVE BLDG 2,3111433,1423389,39.154976,-86.523757,POINT (-86.523762568876 39.154983579135)
4081,Bloomington Community and Family Resources,City Offices,Government Offices,401 N Morton ST STE 260,3107754,1428777,39.16983,-86.536616,POINT (-86.536621059974 39.169837676697)
1870,Olcott Park Playground,Playground,Playground,2300 E Canada DR,3115091,1413062,39.126561,-86.511088,POINT (-86.511093257061 39.126568600212)
4996,Switchyard Park Maintenance,Operational Facility,Government Operations,1611 S Rogers ST,3107318,1420584,39.1473439,-86.53832721,POINT (-86.538332393145 39.147351318149)
2203,Jackson Creek Trail South Trail Head,Parks,Trailhead,300ft east of the east end of E Elliston Dr,3114959,1413225,39.127011,-86.51155,POINT (-86.511554912037 39.127018393953)
1876,Sherwood Oaks Park Playground,Playground,Playground,1600 E Elliston DR,3114398,1414173,39.129625,-86.5135027,POINT (-86.513511363692 39.129630776759)
2196,B-Line Trail South Trail Head,Parks,Trailhead,W Country Club DR between S Madison ST and S Walnut ST,3108325,1416481,39.136063,-86.534864,POINT (-86.53486928338 39.136070008077)
1272,Southeast Park,Parks,Neighborhood Park,1600 S Sycamore CT,3116961,1421207,39.14889,-86.504314,POINT (-86.504318764366 39.148897787472)
4073,Bloomington City Clerk Office,City Offices,Government Offices,401 N Morton ST STE 110,3107708,1428695,39.169606,-86.53678,POINT (-86.536785042818 39.169613309971)
4853,Bloomington Rail Trail Parking Lot,Parking Facility,Parking Lot,"298 W Country Club Dr, Bloomington, IN 47403",3108224,1416367,39.1357517,-86.5352213,POINT (-86.53522776286 39.135758699026)
3274,Crestmont Park,Parks,Neighborhood Park,1209 W 15th ST,3103984,1430861,39.175613,-86.549869,POINT (-86.549874526122 39.175620838703)
1400,Public Safety Training Facility,Public Safety,Public Safety Training Facility,3230 S Walnut ST,3108883,1413252,39.127188,-86.532966,POINT (-86.532971183514 39.127195607827)
1834,Griffy Lake Boathouse,Parks,Recreation Center,3400 N Headley RD,3114344,1439194,39.198318,-86.513142,POINT (-86.513147381654 39.198325535134)
1045,Morton Street Parking Garage,Parking Facility,Parking Garage,220 N Morton ST,3108053,1428134,39.16806,-86.535575,POINT (-86.535580190231 39.16806739673)
1041,Park Ridge East Park,Parks,Neighborhood Park,4421 E Morningside DR,3125365,1428071,39.167584,-86.47452,POINT (-86.474524781115 39.167591444489)
1063,Peoples Park,Parks,Community Park,501 E Kirkwood AVE,3110205,1427677,39.16678,-86.528009,POINT (-86.528000217561 39.166776802069)
2884,Twin Lakes Trail Southern Trail Head,Parks,Trailhead,N of W Bloomfield Rd around Twin Lakes,3099412,1423084,39.154335,-86.566152,POINT (-86.566157599214 39.154342026637)
2020,4th and Dunn Parking Lot,Parking Facility,Surface Pay Lot,S Dunn ST between Kirkwood AVE and 4th ST,3110027,1427332,39.165825,-86.52863,POINT (-86.52863542993 39.165832610794)
1841,Waldron Hill Buskirk Park,Parks,Community Park,331 S Washington ST,3109132,1426527,39.163674,-86.531807,POINT (-86.531809145937 39.163637501123)
4851,Clear Creek Trail Parking Lot North,Parking Facility,Parking Lot,"Clear Creek Trail, Bloomington, IN 47403",3100900,1416506,39.136252,-86.5610374,POINT (-86.561044082236 39.136258873059)
1874,Rev Ernest D Butler Park Playground,Playground,Playground,812 W 9th ST,3106311,1429213,39.1710515,-86.5416935,POINT (-86.541701297897 39.171058462527)
3281,Tuesday Farmers Market Location,Parks,Farmers Market,At the Pavilion in Switchyard Park,3107755,1420430,39.1469143,-86.5367908,POINT (-86.536795983985 39.146921722587)
1554,Lower Cascades Ballfields,Parks,Sports Park,3601 N Old State Road 37,3107869,1440521,39.202049,-86.535883,POINT (-86.535965427181 39.202078304397)
3279,Clear Creek Trail,Parks,Multi-use Trail,Rus from W Tapp RD to W Church LN,3102140,1412466,39.12514,-86.55675,POINT (-86.556755310391 39.125147453357)
1208,Schmalz Farm Park,Parks,Neighborhood Park,3010 E Daniel ST,3120530,1416917,39.137063,-86.491814,POINT (-86.491833408794 39.137056625681)
2898,Lower Cascades Park South Trail Head,Parks,Trailhead,Lower Cascades Park Waterfall Shelter,3107803,1437910,39.194904,-86.536249,POINT (-86.536253913676 39.194911051839)
1837,7th and Walnut Street Parking Garage,Parking Facility,Parking Garage,318 N Walnut ST,3108743,1428536,39.169152,-86.533133,POINT (-86.533138044293 39.169159604683)
1866,Building Trades Park Playground,Playground,Playground,619 W Howe ST,3106695,1425994,39.1622071,-86.5404078,POINT (-86.540414866514 39.162214528918)
2900,Upper Cascades Skate Park Trail Head N End,Parks,Trailhead,N of Upper Cascades Skate Park,3107952,1437652,39.194193,-86.535729,POINT (-86.535733706612 39.194200257505)
3266,Bloomington Parks & Recreation Department,City Offices,Government Offices,401 N Morton ST STE 250,3107626,1428943,39.170288,-86.537064,POINT (-86.537068986504 39.170295539388)
2909,Griffy Lake South Shore Trail North Trail End,Parks,Trailhead,End of South Shore Trail near shorelinein Griffy Woods Natur,3113380,1439240,39.198461,-86.516543,POINT (-86.516547725999 39.19846842229)
1768,John Waldron Arts Center,Parks,Arts Center/Gallery,122 S Walnut ST,3108542,1427289,39.165732,-86.533868,POINT (-86.533873597119 39.165739367884)
2908,Griffy Lake South Shore Trail Sassafras CIR Trail,Parks,Trailhead,E Sassafras CIR in Meadwood,3112573,1437196,39.192863,-86.519435,POINT (-86.51943999483 39.192870570358)
2201,Bloomington Rail Trail South Trail Head,Parks,Trailhead,900 ft north of W Church LN Clear Creek Trail Parking Lot,3106181,1406867,39.109703,-86.542624,POINT (-86.542629318822 39.109710283719)
942,Monroe Water Treatment Plant,Operational Facility,Government Operations,7470 S Shields Ridge RD,3128895,1393593,39.072254,-86.463459,POINT (-86.462905944191 39.072868379773)
1814,Street Department,Operational Facility,Government Operations,1981 S Henderson ST,3111326,1420009,39.145641,-86.524223,POINT (-86.524213307707 39.145705740054)
2892,Butler Park Ninth Street Loop Fairview Trail Head,Parks,Trailhead,N Fairview St north of W 9th ST and Park Parking Lot,3106461,1429323,39.171351,-86.541165,POINT (-86.541169923879 39.17135800188)
198,Police Department Headquarters,Public Safety,Police Station,220 E 3rd ST,3109213,1426799,39.164375,-86.531512,POINT (-86.531517651442 39.164382913035)
185,Bloomington Fire Station 2,Public Safety,Fire Station,209 S Fairfield DR,3098369,1427065,39.165281,-86.569751,POINT (-86.56975597816 39.165288023265)
2899,Upper Cascades Skate Park Trail Head S End,Parks,Trailhead,West side of Upper Cascades Skate Park,3107462,1436898,39.192131,-86.537473,POINT (-86.53747853473 39.192138304634)
4346,Showers South Parking Lot,Parking Facility,Surface Permit Lot,City employee parking lot south of Showers Building,3107683,1428510,39.169098,-86.536872,POINT (-86.536877148455 39.169105814358)
1869,Lower Cascades Park Playground,Playground,Playground,2851 N Old State Road 37,3107916,1438401,39.1962514,-86.5358387,POINT (-86.535844762592 39.19625719138)
5246,Insomnia Cookies,Parks,Bakery,430 E Kirkwood AVE,3110064,1427514,39.16632424,-86.52849583,POINT (-86.528501014158 39.166331661954)
338,Clear Creek Trail South Trail Head,Parks,Trailhead,West of intersection of W Church LN and S Rogers ST,3105877,1406045,39.107451,-86.543713,POINT (-86.543717816639 39.107458456973)
2208,Clear Creek Trail North Trail Head,Parks,Trailhead,Parking lot on W Tapp Rd E of S Weimer Rd,3100837,1416562,39.136406,-86.56126,POINT (-86.561265040788 39.136413614709)
1740,B-Line Trail,Parks,Multi-use Trail,350 W 7th ST,3107615,1428364,39.168674,-86.537048,POINT (-86.537120080061 39.168706102128)
3312,Animal Island Plaza,Parks,Park Plaza Area,Southwest corner of 6th and Morton ST intersection on B-Line,3107895,1427778,39.167085,-86.53614,POINT (-86.536145011027 39.16709263256)
1141,RCA Community Park,Parks,Community Park,1400 W RCA Park DR,3105009,1419765,39.145133,-86.546485,POINT (-86.54649066483 39.145140562643)
2912,Polly Grimshaw Trail West Trail Head,Parks,Trailhead,At N State Road 46 south of railroad,3117708,1428970,39.17019,-86.501504,POINT (-86.501509386946 39.170197549055)
2179,Cascade Trail  West Trail Head,Parks,Trailhead,IN Kinser Pike at W Club House DR,3105905,1440115,39.200989,-86.542899,POINT (-86.542904106237 39.200996008522)
4886,Lower Cascades Park Waterfall Shelter,Parks,Park Shelter,"2851 N Old State Road 37, Bloomington, IN 47408",3107816,1437870,39.1947943,-86.5362013,POINT (-86.536208898573 39.194801018057)
2197,Bloomington Rail Trail North Trail Head,Parks,Trailhead,Parking lot on W Country Club DR east of S Madison ST,3108245,1416439,39.135949,-86.535147,POINT (-86.535152199602 39.135956025259)
872,Miller Showers Park,Parks,Neighborhood Park,150 W 17th ST,3108411,1432727,39.180664,-86.534214,POINT (-86.534219496918 39.180671315274)
1865,Broadview Park Playground,Playground,Playground,704 W Graham DR,3106528,1417955,39.1401413,-86.5411669,POINT (-86.541173185534 39.140146470737)
206,Blucher Poole Wastewater Treatment Plant,Operational Facility,Government Operations,5555 N Bottom RD,3104259,1456757,39.246584,-86.548361,POINT (-86.548365353577 39.246712332583)
2887,Winslow Ballfields Western Trail Head,Parks,Trailhead,S Highland AVE north of E Winslow RD,3113238,1416807,39.136875,-86.517537,POINT (-86.517542439581 39.136882244509)
5034,Temporary Station 1 HQ,Public Safety,Fire Station,226 S College AVE,3108052,1426994,39.16493017,-86.53560281,POINT (-86.535607992947 39.16493759324)
1738,White Oak Cemetery,Cemetery,Cemetery,1200 W 7th ST,3104457,1428402,39.169052,-86.548152,POINT (-86.548257295392 39.168862104662)
189,Fleet Maintenance,Operational Facility,Government Operations,800 E Miller DR,3111434,1420344,39.146616,-86.52382,POINT (-86.523825245023 39.146623641902)
397,Housing Authority,City Offices,Government Offices,1007 N Summit ST,3104416,1430736,39.175263,-86.548348,POINT (-86.548353348865 39.175270670426)
4078,Bloomington Legal,City Offices,Government Offices,401 N Morton ST STE 220,3107745,1428755,39.16977,-86.536648,POINT (-86.536653270267 39.169777425725)
62,Animal Shelter,City Offices,Government Offices,3410 S Walnut ST,3109106,1411697,39.122961,-86.532054,POINT (-86.532218413939 39.122922682013)
2180,Cascade Trail  East Trail Head,Parks,Trailhead,E Stone Mill RD at N Old State Road 37,3108932,1442660,39.207926,-86.532163,POINT (-86.532168653058 39.207933110704)
229,Bryan Park,Parks,Community Park,1001 S Henderson ST,3110983,1423465,39.155192,-86.525343,POINT (-86.525347719358 39.155199841512)
2202,Jackson Creek Trail North Trail Head,Parks,Trailhead,East side of  the S High ST and E Rogers RD Roundabout,3116037,1416630,39.136341,-86.507674,POINT (-86.507679056717 39.136347983268)
4897,Upper Cascades Park Parking Lot,Parking Facility,Parking Lot,"514 W Club House Dr, Bloomington, IN 47404",3106856,1440656,39.2024601,-86.5395293,POINT (-86.539537024146 39.202465678012)
2204,Clear Creek Trail Access Highlands,Parks,Trailhead,Western end of W Gordon Pike,3103138,1411315,39.121964,-86.553256,POINT (-86.553261293989 39.121971457056)
4890,Olcott Park Shelter,Parks,Park Shelter,"401 N. Morton St. Ste. 250, Bloomington, IN 47408",3114991,1412742,39.1256858,-86.5114459,POINT (-86.51145284149 39.12569178156)
188,Bloomington Fire Station 1 (HQ),Public Safety,Fire Station,300 E 4th ST,3109407,1427159,39.165361,-86.530821,POINT (-86.530825740768 39.165368034843)
3270,Browns Woods,Parks,Nature Park/Preserve,S Basswood DR behind Canterbury Apartments,3097870,1424787,39.159034,-86.571556,POINT (-86.571561151248 39.159041576411)
15,4th Street Parking Garage,Parking Facility,Parking Garage,105 W 4th ST,3108477,1427116,39.165258,-86.534101,POINT (-86.534106531288 39.1652654847)
1838,Lower Cascades Park,Parks,Community Park,2851 N Old State Road 37,3107538,1438830,39.197182,-86.537293,POINT (-86.537169336951 39.197441245216)
3311,Showers Commons,Parks,Park Plaza Area,In front of Showers City Hall,3107827,1428675,39.169549,-86.536361,POINT (-86.53636576098 39.169556431731)
4264,Bloomington Office of the Mayor,City Offices,Government Offices,401 N Morton ST STE 210,3107736,1428878,39.170108,-86.536677,POINT (-86.536682398552 39.170115264928)
2891,Rev Ernest D Butler Park Southern Trail Head,Parks,Trailhead,At W 9th ST across from N William ST,3105885,1429018,39.170523,-86.543203,POINT (-86.543207910223 39.170530071596)
2905,Griffy Creek Trail Griffy Lake Trail Head,Parks,Trailhead,East end of the Griffy Lake Boathouse parking lot,3114767,1439004,39.197789,-86.511654,POINT (-86.511659104568 39.197796589684)
4079,Bloomington Human Resources,City Offices,Government Offices,401 N Morton ST STE 230,3107748,1428763,39.169792,-86.536637,POINT (-86.536642519338 39.169799339683)
795,Leonard Springs Nature Park,Parks,Nature Park/Preserve,4685 S Leonard Springs RD,3092308,1410261,39.116803,-86.592191,POINT (-86.591452899133 39.11924502224)
4074,Bloomington Public Works,City Offices,Government Offices,401 N Morton ST STE 120,3107727,1428705,39.169633,-86.536713,POINT (-86.536717818212 39.169640450151)
1236,Sherwood Oaks Park,Parks,Neighborhood Park,1600 E Elliston DR,3114198,1413981,39.129445,-86.513553,POINT (-86.514220595866 39.129107092094)
2902,Griffy Creek Trail East Trail Head,Parks,Trailhead,East end of Griffy Creek Trail on the east side of Griffy La,3121873,1441645,39.204914,-86.48652,POINT (-86.486525364626 39.204921511505)
4850,Clear Creek Trail Parking Lot Central,Parking Facility,Parking Lot,"1498 W That Rd, Bloomington, IN 47403",3104222,1408842,39.1151584,-86.5494835,POINT (-86.549491880166 39.115164436523)
3269,Bloomington Rail Trail,Parks,Multi-use Trail,Connects B-Line Trail at County Club DR to Clear Creek Trail,3107288,1410575,39.119865,-86.538645,POINT (-86.538649910838 39.119872372996)
3275,Griffy Lake Nature Preserve,Parks,Nature Park/Preserve,3400 N Headley RD,3115211,1439655,39.199569,-86.510073,POINT (-86.510077992428 39.199576166561)
3313,Realtors Plaza,Parks,Park Plaza Area,South side of 3rd ST Bridge on the B-Line Trail,3107884,1426824,39.164466,-86.536199,POINT (-86.536204098449 39.16447364879)
2913,Polly Grimshaw Trail East Trail Head,Parks,Trailhead,At E Longview AVE and Glenwood Ave W,3120926,1428189,39.167989,-86.490172,POINT (-86.490177639044 39.16799614438)
1832,Winslow Sports Complex,Parks,Sports Park,2801 S Highland AVE,3113842,1417253,39.137837,-86.51607,POINT (-86.515403313299 39.138096364739)
4350,CBU Southeast Booster Station & Tank,Operational Facility,Government Operations,4101 S Harrell RD,3119207,1410518,39.119505,-86.496638,POINT (-86.496643165317 39.119512030248)
3314,Seminary Square Plaza,Parks,Park Plaza Area,West side of the W 2nd ST Kroger Grocery Store on B-Line Tra,3107895,1425268,39.160194,-86.536193,POINT (-86.536198398859 39.16020153292)
1792,Building Trades Park,Parks,Neighborhood Park,619 W Howe ST,3106615,1426014,39.162269,-86.540628,POINT (-86.540696571373 39.162270752037)
5043,Carlisle Parking Lot,Parking Facility,Parking,"Title 15 Lot 23, commonly know as Carlisle Lot",3111812,1422589,39.1527733,-86.5224377,POINT (-86.522443568047 39.152780789759)
873,Mills Pool,Parks,Swimming Pool,1100 W 14th ST,3105426,1431028,39.176049,-86.54478,POINT (-86.544784713551 39.176055933572)
4968,Switchyard Park Rogers Entrance,Parks,Entrance,"1601 S Rogers St, Bloomington, IN 47403",3107183,1420723,39.147728,-86.5388,POINT (-86.538805184572 39.147735422084)
,IU Health Bloomington Hospital,Healthcare,Hospital,"2651 E Discovery Parkway, Bloomington, IN 47408",,,39.17734385,-86.50352701223837,POINT (-86.50352701223837 39.17734385)
,Brickyard Healthcare - Bloomington Care Center,Healthcare,Nursing Home,"155 E Burks Drive, Bloomington, IN 47401",,,39.1267477323763,-86.5292347818554,POINT (-86.5292347818554 39.1267477323763)
,Bloomington Regional Rehabilitation Hospital,Healthcare,Specialized Hospital,"3050 N Lintel Drive, Bloomington, IN 47404",,,39.25007,-86.580849,POINT (-86.580849 39.25007)
,Hearthstone Health Campus,Healthcare,Assisted Living Facility,"3043 N Lintel Drive, Bloomington, IN 47404",,,39.25007,-86.580849,POINT (-86.580849 39.25007)
,Majestic Care of Bloomington,Healthcare,Nursing Home,"1100 S Curry Pike, Bloomington, IN 47403",,,39.149369323991316,-86.58255630702538,POINT (-86.58255630702538 39.149369323991316)
,Indiana University Student Health Center,Healthcare,Medical Center,"600 N Eagleson Avenue, Bloomington, IN 47405",,,39.17211865,-86.51518279610724,POINT (-86.51518279610724 39.17211865)
,Bloomington Meadows Hospital,Healthcare,Mental Health Clinic,"3600 N Prow Road, Bloomington, IN 47404",,,39.20605315,-86.55098737289987,POINT (-86.55098737289987 39.20605315)
,Stonecroft Health Campus,Healthcare,Assisted Living Facility,"363 S Fieldstone Boulevard, Bloomington, IN 47403",,,39.16487,-86.605339,POINT (-86.605339 39.16487)
,HealthNet Bloomington Health Center,Healthcare,Medical Clinic,"811 W 2nd Street, Bloomington, IN 47403",,,39.16134305544695,-86.54247940838711,POINT (-86.54247940838711 39.16134305544695)
,Bloomington Hospital Home Health,Healthcare,Home Health Care Service,"333 E Miller Drive, Bloomington, IN 47401",,,39.146989899331416,-86.52998628059434,POINT (-86.52998628059434 39.146989899331416)
,Bell Trace Health & Living,Healthcare,Assisted Living Facility,"725 Bell Trace Circle, Bloomington, IN 47408",,,39.1689974,-86.4888937,POINT (-86.4888937 39.1689974)
,IU Health Primary Care - Landmark,Healthcare,Medical Clinic,"550 S Landmark Avenue, Bloomington, IN 47403",,,39.1606926,-86.5550396,POINT (-86.5550396 39.1606926)
,IU Health Urgent Care - Bloomington,Healthcare,Urgent Care Center,"326 S Woodscrest Drive, Bloomington, IN 47401",,,39.16384763118611,-86.50255477096619,POINT (-86.50255477096619 39.16384763118611)
,Aperion Care Monroe,Healthcare,Nursing Home,"120 E Miller Drive, Bloomington, IN 47401",,,39.14697075345173,-86.52673161262301,POINT (-86.52673161262301 39.14697075345173)
,IU Health Primary Care - Liberty,Healthcare,Medical Clinic,"1520 Liberty Drive, Bloomington, IN 47403",,,39.147347,-86.577085,POINT (-86.577085 39.147347)
,Monroe Hospital,Healthcare,Hospital,"4011 S Monroe Medical Park Blvd, Bloomington, IN 47403",,,39.1203582,-86.57181037497892,POINT (-86.57181037497892 39.1203582)
,Regional Academic Health Center (RAHC),Education,University,"2631 E Discovery Parkway, Bloomington, IN 47408",,,39.17535409755241,-86.49958572570831,POINT (-86.49958572570831 39.17535409755241)
,Activate by Everside Health,Healthcare,Medical Clinic,"119 W 7th Street #264, Bloomington, IN 47404",,,39.168632,-86.5441565,POINT (-86.5441565 39.168632)
,Golden LivingCenter - Bloomington,Healthcare,Nursing Home,"155 E Burks Drive, Bloomington, IN 47401",,,39.1267477323763,-86.5292347818554,POINT (-86.5292347818554 39.1267477323763)
,The Cook Family Health Center,Healthcare,Medical Center,"402 N Rogers Street, Bloomington, IN 47404",,,39.1698314,-86.53831054245512,POINT (-86.53831054245512 39.1698314)
,Bloomington Police Department,Public Safety,Police Department,"220 E 3rd St, Bloomington, IN",,,39.1643493,-86.53151727500001,POINT (-86.53151727500001 39.1643493)
,Indiana University Police Department (IUPD),Public Safety,Police Department,"1469 E 17th St, Bloomington, IN",,,39.17927895,-86.5133414746048,POINT (-86.5133414746048 39.17927895)
,Monroe County Sheriff's Department,Public Safety,Sheriff's Department,"301 N College Ave, Bloomington, IN",,,39.1690926,-86.53522720000001,POINT (-86.53522720000001 39.1690926)
,Indiana State Police,Public Safety,State Police,"1500 N Packing House Rd, Bloomington, IN",,,39.179009,-86.563243,POINT (-86.563243 39.179009)
,Bloomington Police Substation,Public Safety,Police Substation,"245 W Grimes Ln, Bloomington, IN",,,39.15327803478663,-86.53543089245797,POINT (-86.53543089245797 39.15327803478663)
,Bloomington Fire Department,Public Safety,Fire Station,"300 E 4th St, Bloomington, IN",,,39.1652852,-86.5308885238536,POINT (-86.5308885238536 39.1652852)
,Bloomington Fire Station #4,Public Safety,Fire Station,"2201 E 3rd St, Bloomington, IN",,,39.164544,-86.50657850660527,POINT (-86.50657850660527 39.164544)
,Bloomington Fire Station #5,Public Safety,Fire Station,"1987 S Henderson St, Bloomington, IN",,,39.14443,-86.526853,POINT (-86.526853 39.14443)
,Monroe Fire Protection District Station 22,Public Safety,Fire Station,"3953 S Kennedy Dr, Bloomington, IN",,,39.12248027224351,-86.52839244154579,POINT (-86.52839244154579 39.12248027224351)
,Bloomington Fire Station #3,Public Safety,Fire Station,"810 N Woodlawn Ave, Bloomington, IN",,,39.17387865,-86.52318631412268,POINT (-86.52318631412268 39.17387865)
,Bloomington Fire Station #2,Public Safety,Fire Station,"209 S Fairfield Dr, Bloomington, IN",,,39.1653607,-86.56968974717483,POINT (-86.56968974717483 39.1653607)
,Monroe Fire Protection District Station 29,Public Safety,Fire Station,"2130 S Kirby Rd, Bloomington, IN",,,39.1636996,-86.5291743,POINT (-86.5291743 39.1636996)
,Monroe Fire Protection District,Public Safety,Fire Station,"285 East Rhorer Road, Bloomington, IN",,,39.12152914285714,-86.52702814285715,POINT (-86.52702814285715 39.12152914285714)
,Ellettsville Fire Department Station 8,Public Safety,Fire Station,"900 N Curry Pike, Bloomington, IN",,,39.174704,-86.582916,POINT (-86.582916 39.174704)
,Ellettsville Fire Department,Public Safety,Fire Station,"5080 IN-46, Bloomington, IN",,,39.2075465,-86.6013836,POINT (-86.6013836 39.2075465)
,Van Buren Fire Department Station 19,Public Safety,Fire Station,"2130 S Kirby Rd, Bloomington, IN",,,39.1636996,-86.5291743,POINT (-86.5291743 39.1636996)
,Benton Township Volunteer Fire Department,Public Safety,Fire Station,"7606 E State Rd 45, Bloomington, IN",,,39.1862838,-86.5240522,POINT (-86.5240522 39.1862838)
,MFD Station 25,Public Safety,Fire Station,"5081 Old State Rd 37, Bloomington, IN",,,39.184303506936104,-86.5352558181013,POINT (-86.5352558181013 39.184303506936104)
,United States Postal Service,Government Services,Post Office,"520 S Walnut St, Bloomington, IN",,,39.16088685503416,-86.53375640139382,POINT (-86.53375640139382 39.16088685503416)
,United States Postal Service,Government Services,Post Office,"3210 E 10th St, Bloomington, IN",,,39.17093825,-86.49346124313047,POINT (-86.49346124313047 39.17093825)
,United States Postal Service,Government Services,Post Office,"4738 W Vernal Pike, Bloomington, IN",,,39.179137749999995,-86.5574584,POINT (-86.5574584 39.179137749999995)
,United States Postal Service,Government Services,Post Office,"Clear Creek, IN",,,39.1092143,-86.5399968,POINT (-86.5399968 39.1092143)
,USPS COLLECTION BOX,Government Services,Post Office,"Bloomington, IN",,,39.1670396,-86.5342881,POINT (-86.5342881 39.1670396)
,USPS COLLECTION BOX,Government Services,Post Office,"119 W 7th St, Bloomington, IN",,,39.168323349999994,-86.53448956150235,POINT (-86.53448956150235 39.168323349999994)
,The UPS Store,Government Services,Shipping Service,"885 S College Mall Rd, Bloomington, IN",,,39.157243987374336,-86.49770370553732,POINT (-86.49770370553732 39.157243987374336)
,Bloomington BMV Branch,Government Services,DMV,"1531 S Curry Pike Suite 500, Bloomington, IN",,,39.1612988,-86.5827063,POINT (-86.5827063 39.1612988)
,Monroe County Division of Family Resources,Government Services,Social Services Office,"1531 S Curry Pike Suite 300, Bloomington, IN",,,39.1612988,-86.5827063,POINT (-86.5827063 39.1612988)
,Family Social Services Administration,Government Services,Government Office,"1531 S Curry Pike Suite 300, Bloomington, IN",,,39.1612988,-86.5827063,POINT (-86.5827063 39.1612988)
,Community & Family Resources Department,Government Services,City Government Office,"401 N Morton St Suite 260, Bloomington, IN",,,39.1709259,-86.5361163,POINT (-86.5361163 39.1709259)
,Social Security Administration,Government Services,Social Security Office,"515 W Patterson Dr, Bloomington, IN",,,39.158210561294155,-86.54588526579478,POINT (-86.54588526579478 39.158210561294155)
,Disability Claim Services Inc,Government Services,Social Services Office,"2620 N Walnut St, Bloomington, IN",,,39.19266596873702,-86.53302570324772,POINT (-86.53302570324772 39.19266596873702)
,Adult Protective Services,Government Services,Social Services Office,"501 N Morton St, Bloomington, IN",,,39.170582,-86.53621,POINT (-86.53621 39.170582)
,Family Solutions,Government Services,Social Services Office,"1180 Liberty Dr, Bloomington, IN",,,39.151003,-86.576938,POINT (-86.576938 39.151003)
,South Central Community Action Program,Government Services,Non-profit Organization,"1500 W 15th St, Bloomington, IN",,,39.17710685,-86.55305755579975,POINT (-86.55305755579975 39.17710685)
,Habitat for Humanity of Monroe County,Government Services,Non-profit Organization,"213 E Kirkwood Ave, Bloomington, IN",,,39.1668176,-86.53158329737832,POINT (-86.53158329737832 39.1668176)
,Monroe County WIC Program,Government Services,Social Services Office,"333 E Miller Dr, Bloomington, IN",,,39.146989899331416,-86.52998628059434,POINT (-86.52998628059434 39.146989899331416)
,Bloomington City Hall,Government Services,City Government Office,"401 N Morton St, Bloomington, IN",,,39.1697339,-86.5366772,POINT (-86.5366772 39.1697339)
,City of Bloomington Utilities,Government Services,Utilities Office,"600 E Miller Dr, Bloomington, IN",,,39.146875,-86.526743,POINT (-86.526743 39.146875)
,World Foods Market,Retail & Public Services,Grocery Store,"106 E 2nd St, Bloomington, IN",,,39.16128506122449,-86.53343263265306,POINT (-86.53343263265306 39.16128506122449)
,Fresh Thyme,Retail & Public Services,Grocery Store,"2812 E 3rd St, Bloomington, IN",,,39.16328215,-86.49599495105925,POINT (-86.49599495105925 39.16328215)
,B-Town International Market,Retail & Public Services,Grocery Store,"2901 E Covenanter Dr, Bloomington, IN",,,39.1556955,-86.49480742912317,POINT (-86.49480742912317 39.1556955)
,Kroger,Retail & Public Services,Grocery Store,"528 S College Ave, Bloomington, IN",,,39.15985885,-86.53557942790022,POINT (-86.53557942790022 39.15985885)
,Bloomingfoods Co-op Market,Retail & Public Services,Grocery Store,"3220 E 3rd St, Bloomington, IN",,,39.163904,-86.4910644,POINT (-86.4910644 39.163904)
,Bloomington Farm Stop Collective,Retail & Public Services,Farm Shop,"902 W Kirkwood Ave, Bloomington, IN",,,39.16674316580055,-86.5439273674845,POINT (-86.5439273674845 39.16674316580055)
,Lakeside Market,Retail & Public Services,Grocery Store,"6050 E State Rd 45, Bloomington, IN",,,39.1862838,-86.5240522,POINT (-86.5240522 39.1862838)
,Kroger,Retail & Public Services,Grocery Store,"1825 N Kinser Pike, Bloomington, IN",,,39.18762515,-86.54005336377776,POINT (-86.54005336377776 39.18762515)
,Fresh Thyme Market,Retail & Public Services,Grocery Store,"3600 W 3rd St, Bloomington, IN",,,39.1660613,-86.57954996362508,POINT (-86.57954996362508 39.1660613)
,Kroger,Retail & Public Services,Grocery Store,"1175 S College Mall Rd, Bloomington, IN",,,39.15373875,-86.49522157943169,POINT (-86.49522157943169 39.15373875)
,Little Italy Market,Retail & Public Services,Italian Grocery Store,"421 E 3rd St #2, Bloomington, IN",,,39.1649491,-86.5287363,POINT (-86.5287363 39.1649491)
,Rong Cheng Supermarket,Retail & Public Services,Asian Grocery Store,"2646 E 10th St, Bloomington, IN",,,39.1712374,-86.5003164,POINT (-86.5003164 39.1712374)
,Apna Bazaar International Market,Retail & Public Services,Indian Grocery Store,"2556 E 3rd St, Bloomington, IN",,,39.16415343434344,-86.50215791919192,POINT (-86.50215791919192 39.16415343434344)
,Bloomingfoods Co-op Market,Retail & Public Services,Grocery Store,"316 W 6th St, Bloomington, IN",,,39.16791165,-86.53715907506235,POINT (-86.53715907506235 39.16791165)
,Bloomington Community Farmers' Market,Retail & Public Services,Farmers' Market,"401 N Morton St, Bloomington, IN",,,39.1697339,-86.5366772,POINT (-86.5366772 39.1697339)
,Kroger,Retail & Public Services,Grocery Store,"4025 S Old State Rd 37, Bloomington, IN",,,39.12028275,-86.52934020634686,POINT (-86.52934020634686 39.12028275)
,Kroger,Retail & Public Services,Grocery Store,"500 Liberty Dr, Bloomington, IN",,,39.151212,-86.576864,POINT (-86.576864 39.151212)
,La Bodega Latin Market,Retail & Public Services,Bakery,"1915 S Walnut St, Bloomington, IN",,,39.1457916927377,-86.5322322028014,POINT (-86.5322322028014 39.1457916927377)
,The Butcher's Block,Retail & Public Services,Butcher Shop,"115 S IN-46 Suite E, Bloomington, IN",,,39.1599902,-86.490383,POINT (-86.490383 39.1599902)
,4th Street International Market,Retail & Public Services,Grocery Store,"408 E 4th St, Bloomington, IN",,,39.1653589,-86.52932009299789,POINT (-86.52932009299789 39.1653589)
,Crimson Cupboard Food Pantry,Retail & Public Services,Food Bank,"800 N Union St, Bloomington, IN",,,39.17360145,-86.50882761006616,POINT (-86.50882761006616 39.17360145)
,Monroe County United Ministries,Retail & Public Services,Food Bank,"827 W 14th Ct, Bloomington, IN",,,39.175728128204376,-86.5437536665985,POINT (-86.5437536665985 39.175728128204376)
,Hoosier Hills Food Bank,Retail & Public Services,Food Bank,"2333 W Industrial Park Dr, Bloomington, IN",,,39.17507766809507,-86.56700591872043,POINT (-86.56700591872043 39.17507766809507)
,Mother Hubbards Cupboard,Retail & Public Services,Food Bank,"1100 W Allen St, Bloomington, IN",,,39.155735,-86.544477,POINT (-86.544477 39.155735)
,Community Kitchen,Retail & Public Services,Soup Kitchen,"1515 S Rogers St, Bloomington, IN",,,39.15036019069062,-86.53868127054612,POINT (-86.53868127054612 39.15036019069062)
,FUMC Wednesday Pantry,Retail & Public Services,Food Distribution Center,"219 E 4th St, Bloomington, IN",,,39.16582585,-86.53198648055685,POINT (-86.53198648055685 39.16582585)
,Bobby's Pantry Food Pantry,Retail & Public Services,Food Bank,"1010 S Walnut St A, Bloomington, IN",,,39.155374466272995,-86.53380375671252,POINT (-86.53380375671252 39.155374466272995)
,Bloomington Township Trustee Food Pantry,Retail & Public Services,Food Bank,"924 W 17th St Suite C, Bloomington, IN",,,39.179114,-86.543911,POINT (-86.543911 39.179114)
,Tabitha's Storehouse Food Pantry,Retail & Public Services,Food Bank,"421 S Curry Pike, Bloomington, IN",,,39.163635408163266,-86.58264691836735,POINT (-86.58264691836735 39.163635408163266)
,Feed The Needy - Food Distribution Center,Retail & Public Services,Food Bank,"321 N Rogers St, Bloomington, IN",,,39.16885461600526,-86.53876018057748,POINT (-86.53876018057748 39.16885461600526)
,Crestmont Community Food Pantry,Retail & Public Services,Food Bank,"1007 N Summit St, Bloomington, IN",,,39.17539935,-86.5483603965919,POINT (-86.5483603965919 39.17539935)
,"Shelter, Inc. - Food Distribution Center",Retail & Public Services,Food Bank,"919 S Rogers St, Bloomington, IN",,,39.1572247823773,-86.53858278190908,POINT (-86.53858278190908 39.1572247823773)
,Big Woods Bloomington,Restaurant,American,116 N Grant St,,,39.16713145,-86.52958997532201,POINT (-86.52958997532201 39.16713145)
,Brightside Cafe,Restaurant,Gluten Free,"101 W Kirkwood Ave Suite 021, Lower Level",,,39.1662847,-86.5342397,POINT (-86.5342397 39.1662847)
,Che Bello,Restaurant,Italian,106 W 6th St,,,39.167808,-86.53388650748555,POINT (-86.53388650748555 39.167808)
,Half Bottle Bistro,Restaurant,American,3115 S Sare Rd,,,39.13318445,-86.49778373505043,POINT (-86.49778373505043 39.13318445)
,Marco and Polo Restaurant,Restaurant,Uyghur,209 S Grant St,,,39.1652076,-86.5295993,POINT (-86.5295993 39.1652076)
,Southern Stone,Restaurant,Mexican,405 W Patterson Dr,,,-37.532739780531834,144.99324856385476,POINT (144.99324856385476 -37.532739780531834)
,Hive,Restaurant,American,2608 E 10th St,,,39.1707541,-86.5011251,POINT (-86.5011251 39.1707541)
,FARMbloomington,Restaurant,American,108 E Kirkwood Ave,,,41.56544225242719,-93.61310635922331,POINT (-93.61310635922331 41.56544225242719)
,Feast Market & Cellar,Restaurant,American,407 W Patterson Dr,,,-37.532739780531834,144.99324856385476,POINT (144.99324856385476 -37.532739780531834)
,Lennie's Brewpub,Restaurant,Brewpub,514 E Kirkwood Ave,,,39.1663999,-86.5274963,POINT (-86.5274963 39.1663999)
,Runcible Spoon,Restaurant,American,412 E 6th St,,,30.2670541,-97.7387385,POINT (-97.7387385 30.2670541)
,Vivencia Lat√≠n Flavors,Restaurant,Latin,2800 E Buick Cadillac Blvd,,,39.1577154,-86.49727255616494,POINT (-86.49727255616494 39.1577154)
,Feta Kitchen and Cafe,Restaurant,Mediterranean,600 E Hillside Dr,,,39.150280800000004,-86.52663570279259,POINT (-86.52663570279259 39.150280800000004)
,SmokeWorks Bloomington,Restaurant,American,121 N College Ave,,,39.1673149,-86.5352501161498,POINT (-86.5352501161498 39.1673149)
,Uptown Cafe,Restaurant,American,102 E Kirkwood Ave,,,41.56544274757282,-93.6132636407767,POINT (-93.6132636407767 41.56544274757282)
,Upland Brewing Co.,Restaurant,Brewpub,350 W 11th St,,,39.7825396,-86.16589426392832,POINT (-86.16589426392832 39.7825396)
,The Elm Restaurant,Restaurant,American,614 E 2nd St,,,40.63620635,-73.97726331012974,POINT (-73.97726331012974 40.63620635)
,Crazy Horse,Restaurant,American,214 W Kirkwood Ave,,,39.16688485,-86.53570447663886,POINT (-86.53570447663886 39.16688485)
,Smokin' Jack's Rib Shack,Restaurant,Barbecue,505 W 17th St,,,39.1786817,-86.5386954,POINT (-86.5386954 39.1786817)
,Blooming Thai,Restaurant,Thai,405 E 4th St,,,39.165745900000005,-86.52947146728263,POINT (-86.52947146728263 39.165745900000005)
,Chow Bar,Restaurant,Chinese,216 S Indiana Ave,,,39.1648076,-86.5271993,POINT (-86.5271993 39.1648076)
,Cafe Bali,Restaurant,Asian,210 S Grant St,,,39.165161600000005,-86.5300562,POINT (-86.5300562 39.165161600000005)
,Fat Dan's Deli,Restaurant,American,221 E Kirkwood Ave Ste 1,,,39.1669058,-86.5312914,POINT (-86.5312914 39.1669058)
,BuffaLouie's at The Gables,Restaurant,American,114 S Indiana Ave,,,39.1659572,-86.52713420018262,POINT (-86.52713420018262 39.1659572)
,Cafe Turkuaz,Restaurant,Turkish,301 E 3rd St,,,30.2653919,-97.7428231,POINT (-97.7428231 30.2653919)
,Kimu Asian Restaurant,Restaurant,Burmese,413 E 4th St,,,40.6420006,-73.9760409,POINT (-73.9760409 40.6420006)
,Le Petit Cafe,Restaurant,French,308 W 6th St,,,39.1677962,-86.53659825297382,POINT (-86.53659825297382 39.1677962)
,Siam House,Restaurant,Thai,430 E 4th St,,,40.64160975,-73.97638950450718,POINT (-73.97638950450718 40.64160975)
,Dats,Restaurant,Cajun,408 E 4th St,,,40.642112049999994,-73.9764533347408,POINT (-73.9764533347408 40.642112049999994)
,Osteria Rago,Restaurant,Italian,419 E Kirkwood Ave,,,39.16662676015101,-86.52941924706646,POINT (-86.52941924706646 39.16662676015101)
,Trojan Horse,Restaurant,Greek,100 E Kirkwood Ave,,,41.565442912621364,-93.61331606796116,POINT (-93.61331606796116 41.565442912621364)
,Uncle Wang's Alley,Restaurant,Chinese,300 E 3rd St,,,40.72101325,-73.97949872019987,POINT (-73.97949872019987 40.72101325)
,The Vault Pub,Restaurant,Bar,900 E 7th St,,,30.2665513,-97.73303094394606,POINT (-97.73303094394606 30.2665513)
,Janko's Little Zagreb,Restaurant,Steakhouse,223 W 6th St,,,43.449224,-76.512878,POINT (-76.512878 43.449224)
,Malibu Grill,Restaurant,American,106 N Walnut St,,,38.8359392,-104.83455068034019,POINT (-104.83455068034019 38.8359392)
,Social Cantina Bloomington,Restaurant,Mexican,125 N College Ave,,,39.76864479862455,-86.14571244120967,POINT (-86.14571244120967 39.76864479862455)
,Nick's English Hut,Restaurant,American,423 E Kirkwood Ave,,,39.1668531,-86.52874212500001,POINT (-86.52874212500001 39.1668531)
,C3 Bar,Restaurant,Bar,1505 S Piazza Dr,,,39.149453449999996,-86.49956168139957,POINT (-86.49956168139957 39.149453449999996)
,Riviera Maya Bloomington,Restaurant,Mexican,116 S Franklin Rd,,,39.1673914,-86.57158753762494,POINT (-86.57158753762494 39.1673914)
,Korea Restaurant,Restaurant,Korean,409 E 4th St,,,40.64207655,-73.97595423531097,POINT (-73.97595423531097 40.64207655)
,Yogi's Bloomington,Restaurant,Grill,302 N Walnut St,,,39.1687029,-86.5333932,POINT (-86.5333932 39.1687029)
,Yatagarasu - Bloomington,Restaurant,Japanese,430 E Kirkwood Ave Unit 6,,,40.660102121329366,-73.5482266929907,POINT (-73.5482266929907 40.660102121329366)
,Scenic View Restaurant,Restaurant,Brunch,4600 State Hwy 446,,,50.464884116274135,5.2501288360982015,POINT (5.2501288360982015 50.464884116274135)
,Truffles Fine Cuisine & 56 Degrees Bar,Restaurant,Fine Dining,1131 S College Mall Rd,,,39.15468575,-86.49560015511489,POINT (-86.49560015511489 39.15468575)
,DeAngelo's Italian Creole Restaurant,Restaurant,Italian,2620 E 3rd St,,,34.040090469387756,-118.20849808163265,POINT (-118.20849808163265 34.040090469387756)
,Da Vinci Pizza and Pasta,Restaurant,Italian,250 S Washington St,,,39.287942,-76.5891927051226,POINT (-76.5891927051226 39.287942)
,Cheddar's Scratch Kitchen,Restaurant,American,126 S Franklin Rd,,,39.1660289,-86.5714171,POINT (-86.5714171 39.1660289)
,La Una Cantina,Restaurant,Mexican,254 N Walnut St,,,39.16836365,-86.53323192483435,POINT (-86.53323192483435 39.16836365)
,Cozy Table,Restaurant,Family-friendly,2500 W 3rd St,,,39.833492,-75.3880446,POINT (-75.3880446 39.833492)
,Root Cellar,Restaurant,Bar,108 E Kirkwood Ave,,,41.56544225242719,-93.61310635922331,POINT (-93.61310635922331 41.56544225242719)
,Samira Restaurant,Restaurant,Afghani,100 W 6th St,,,,,
,The Orbit Room,Restaurant,Vegan,107 N College Ave #001,,,39.16691985,-86.53526701832776,POINT (-86.53526701832776 39.16691985)
,BJ's Restaurant & Brewhouse,Restaurant,American,411 S College Mall Rd,,,39.1627457,-86.49758205531376,POINT (-86.49758205531376 39.1627457)
,The Tudor Room,Restaurant,American,900 E 7th St,,,30.2665513,-97.73303094394606,POINT (-97.73303094394606 30.2665513)
,Taste of India,Restaurant,Indian,316 E 4th St,,,25.82545735,-80.27440344925142,POINT (-80.27440344925142 25.82545735)
,Asuka Steak House,Restaurant,Japanese,2632 E 3rd St,,,34.04003255102041,-118.20836853061225,POINT (-118.20836853061225 34.04003255102041)
,BRU Burger Bar Bloomington,Restaurant,Hamburger,229 S Grant St Suite 1,,,45.50717851010966,-122.67639845541511,POINT (-122.67639845541511 45.50717851010966)
,Cloverleaf Family Restaurant,Restaurant,Family-friendly,4023 W 3rd St,,,39.1640057,-86.5841895,POINT (-86.5841895 39.1640057)
,Metal Works Brewing Company,Restaurant,Brewpub,108 E 6th St,,,43.4572455,-76.5018515,POINT (-76.5018515 43.4572455)
,Little Tibet Restaurant,Restaurant,Tibetan,415 E 4th St,,,40.6419679,-73.9760349,POINT (-73.9760349 40.6419679)
,Ivy Tech Community College Bloomington,Education,,200 Daniels Way,,,40.24539291029812,-74.27432916348606,POINT (-74.27432916348606 40.24539291029812)
,The Excel Center,Education,,2088 Liberty Dr,,,36.102531701248765,-79.81710379955075,POINT (-79.81710379955075 36.102531701248765)
,The Academy of Science and Entrepreneurship,Education,Public School,444 S Patterson Dr,,,35.33487173677323,-97.47225164435535,POINT (-97.47225164435535 35.33487173677323)
,Cook Music Library,Education,Library,200 S Eagleson Ave,,,39.16534885,-86.51743911108935,POINT (-86.51743911108935 39.16534885)
,Templeton Elementary School,Education,Public School,1400 S Brenda Ave,,,39.16533,-86.52639,POINT (-86.52639 39.16533)
,Marlin Elementary School,Education,Public School,1655 E Bethel Ln,,,39.21539553625489,-86.51628592456056,POINT (-86.51628592456056 39.21539553625489)
,Education Library,Education,Library,201 N Rose Ave,,,39.16701535,-86.51250049088785,POINT (-86.51250049088785 39.16701535)
,Bloomington Montessori School,Education,Private School,1835 S Highland Ave,,,39.14446825,-86.51677889819909,POINT (-86.51677889819909 39.14446825)
,Covenant Christian School,Education,Private School,4000 E Moores Creek Rd,,,39.120071389033996,-86.48411191823976,POINT (-86.48411191823976 39.120071389033996)
,Friends of the Library Bookstore,Education,Library,303 E Kirkwood Ave,,,39.16693765,-86.530448225,POINT (-86.530448225 39.16693765)
,Union Piping Industry Training Center,Education,,1650 W Bloomfield Rd,,,42.95063622580645,-77.53260848387097,POINT (-77.53260848387097 42.95063622580645)
,Acadis by Vector Solutions,Education,,101 W Kirkwood Ave Suite 200,,,39.1662847,-86.5342397,POINT (-86.5342397 39.1662847)
,Highland Park Elementary School,Education,Public School,900 S Park Square Dr,,,39.156741,-86.591861,POINT (-86.591861 39.156741)
,The Lilly Library,Education,Library,1200 E 7th St,,,39.167913549999994,-86.51898175,POINT (-86.51898175 39.167913549999994)
,Hoosier Hills Career Center,Education,,3070 N Prow Rd,,,39.197733297450604,-86.55206746207621,POINT (-86.55206746207621 39.197733297450604)
,Binford Elementary School,Education,Public School,2300 E 2nd St,,,40.59327355,-73.9691260465438,POINT (-73.9691260465438 40.59327355)
,Wolverine Fight System,Education,,116 1/2 S College Ave Suite 11,,,39.1583322,-86.5350232,POINT (-86.5350232 39.1583322)
,IUB Business / SPEA Library,Education,Library,1315 East 10th Street,,,40.61709245,-73.96448375,POINT (-73.96448375 40.61709245)
,Monroe County Community School Corporation,Education,Public School,315 E North Dr,,,39.14448801846578,-86.52947895452469,POINT (-86.52947895452469 39.14448801846578)
,Fairview Elementary School,Education,Public School,500 W 7th St,,,42.099034,-79.24856586938469,POINT (-79.24856586938469 42.099034)
,BMG Aviation,Education,,952 S Kirby Rd,,,39.15639506900914,-86.61052547193955,POINT (-86.61052547193955 39.15639506900914)
,Wild Orchid - Embodied Pole Dance & Sensual Arts Studio,Education,,217 W 6th St Suite 105,,,39.1674803,-86.5351782,POINT (-86.5351782 39.1674803)
,Tri-North Middle School,Education,Public School,1000 W 15th St,,,33.01878524999999,-96.71599495792606,POINT (-96.71599495792606 33.01878524999999)
,Inner Resources Training Institute,Education,,304 W Howe St Suite B,,,39.1624684,-86.5364987,POINT (-86.5364987 39.1624684)
,Neal-Marshall Black Culture Center Library,Education,Library,275 N Eagleson Ave,,,39.16837155,-86.51691209250174,POINT (-86.51691209250174 39.16837155)
,Ruth Lilly Auxiliary Library Facility,Education,Library,2850 E Discovery Pkwy,,,39.174901399999996,-86.49732749433639,POINT (-86.49732749433639 39.174901399999996)
,University Elementary School,Education,Public School,1111 N Russell Rd,,,39.1757974,-86.4825937,POINT (-86.4825937 39.1757974)
,Grandview Elementary School,Education,Public School,2300 S Endwright Rd,,,39.14603169383584,-86.59640384206081,POINT (-86.59640384206081 39.14603169383584)
,Seven Oaks Classical School,Education,Public School,"Ellettsville, IN",,,39.2339348,-86.6250008,POINT (-86.6250008 39.2339348)
,Adventist Christian Elementary,Education,Private School,2230 N Martha St,,,39.1867545,-86.53134741710555,POINT (-86.53134741710555 39.1867545)
,Ivy Tech Bloomington Library,Education,Library,200 Daniels Way,,,40.24539291029812,-74.27432916348606,POINT (-74.27432916348606 40.24539291029812)
,Mannered Mutts Training LLC,Education,,4001 E 3rd St Suite 1,,,14.453370041176868,120.98284321642807,POINT (120.98284321642807 14.453370041176868)
,Grace Baptist Church & Academy,Education,Private School,2320 N Smith Pike,,,39.189154,-86.583005,POINT (-86.583005 39.189154)
,IU Career Development Center,Education,,1320 E 10th St,,,39.17105145,-86.51685115237282,POINT (-86.51685115237282 39.17105145)
,Monroe County Public Library - Southwest Branch,Education,Library,890 W Gordon Pike,,,39.12219705,-86.54270084904341,POINT (-86.54270084904341 39.12219705)
,St. Benedict Classical Catholic School,Education,Private School,4609 IN-46,,,16.0340137,-16.505226200000003,POINT (-16.505226200000003 16.0340137)
,Stratosphere Pole Resilience,Education,,312 E Dixie St,,,39.156307600000005,-86.53065551011005,POINT (-86.53065551011005 39.156307600000005)
,IUB Sciences Library,Education,Library,800 E Kirkwood Ave,,,41.565399,-93.601757,POINT (-93.601757 41.565399)
,Bloomington Graduation School,Education,Public School,705 W Coolidge Dr,,,39.14121002998908,-86.5412674446561,POINT (-86.5412674446561 39.14121002998908)
,Monroe County Adult Education,Education,,705 W Coolidge Dr,,,39.14121002998908,-86.5412674446561,POINT (-86.5412674446561 39.14121002998908)
,Monroe Community Christian School,Education,Private School,4000 E Moores Creek Rd,,,39.120071389033996,-86.48411191823976,POINT (-86.48411191823976 39.120071389033996)
,Hoosier Lash Academy,Education,Public School,328 S Walnut St Ste 1,,,39.163879,-86.5337375,POINT (-86.5337375 39.163879)
,Train Bloomington Fitness Center,Education,,2674 E 2nd St,,,39.1608406,-86.4984163,POINT (-86.4984163 39.1608406)
,City of Bloomington Public Safety Training Center,Education,,3230 S Walnut St,,,37.63635214033444,-97.35117151675402,POINT (-97.35117151675402 37.63635214033444)
,The Project School,Education,Public School,349 S Walnut St,,,43.6052175,-116.1846463,POINT (-116.1846463 43.6052175)
,Summit Elementary School,Education,Public School,1450 W Countryside Ln,,,39.14128287170249,-86.55321763859857,POINT (-86.55321763859857 39.14128287170249)
,Monroe County Public Library - Downtown,Education,Library,303 E Kirkwood Ave,,,39.16693765,-86.530448225,POINT (-86.530448225 39.16693765)
,Stone Creek Ranch,Education,,7587 Rockport Rd,,,40.876821782462486,-83.96127194322607,POINT (-83.96127194322607 40.876821782462486)
,Hoosier Courts Nursery School,Education,Public School,1150 N Union Ct,,,39.1745653,-86.50884815782828,POINT (-86.50884815782828 39.1745653)
,Arlington Heights Elementary School,Education,Public School,700 W Parrish Rd,,,39.188121550814216,-86.53919936780892,POINT (-86.53919936780892 39.188121550814216)
,Bloomington Developmental Learning Center,Education,,1807 S Highland Ave,,,34.041892000000004,-118.3458244,POINT (-118.3458244 34.041892000000004)
,IU High School,Education,Public School,625 N Eagleson Ave,,,39.1723688,-86.51595989451599,POINT (-86.51595989451599 39.1723688)
,St Charles School,Education,Public School,2224 E 3rd St,,,40.595845,-73.96850300000001,POINT (-73.96850300000001 40.595845)
,great lakes park training institute,Education,,501 N Morton St,,,39.170582,-86.53621,POINT (-86.53621 39.170582)
,Childs Elementary School,Education,Public School,2211 S High St,,,39.1384189,-86.5061074,POINT (-86.5061074 39.1384189)
,IU School of Public Health,Education,Public School,1025 E 7th St,,,39.1692206,-86.52084144781067,POINT (-86.52084144781067 39.1692206)
,Clear Creek Christian School,Education,Private School,530 W Church Ln,,,39.10741021849584,-86.53971552051625,POINT (-86.53971552051625 39.10741021849584)
,Maurer School of Law Library,Education,Library,211 S Indiana Ave,,,39.1650891,-86.52632642485594,POINT (-86.52632642485594 39.1650891)
,Clear Creek Elementary School,Education,Public School,300 W Clear Creek Dr,,,35.635504390107165,-97.56410128827092,POINT (-97.56410128827092 35.635504390107165)
,Monroe County Public Library - Ellettsville Branch,Education,Library,"Ellettsville, IN",,,39.2339348,-86.6250008,POINT (-86.6250008 39.2339348)
,Kid Angles: The Early Education,Education,,1500 E Hillside Dr,,,39.15046,-86.51497,POINT (-86.51497 39.15046)
,Prep School,Education,Public School,525 W 17th St,,,39.1787397,-86.5393015,POINT (-86.5393015 39.1787397)
,Harmony School,Education,Public School,909 E 2nd St,,,39.1617495,-86.52145479882076,POINT (-86.52145479882076 39.1617495)
,Lisa's Bloomington English Academy,Education,Public School,3069 E Amy Ln,,,39.1693068,-86.4968721,POINT (-86.4968721 39.1693068)
,Workshops By Thiagi Inc,Education,,4423 E Trailridge Rd,,,35.60578181260297,-82.53826117598238,POINT (-82.53826117598238 35.60578181260297)
,Lighthouse Christian Academy,Education,Private School,1201 W That Rd,,,39.11452760107239,-86.54548770288206,POINT (-86.54548770288206 39.11452760107239)
,Longevity Bloomington,Education,,417 N Elm St,,,42.13961825,-72.73441239648658,POINT (-72.73441239648658 42.13961825)
,Herman B Wells Library,Education,Library,1320 E 10th St,,,39.17105145,-86.51685115237282,POINT (-86.51685115237282 39.17105145)
